#BP_pos1:BP_pos2,tumour.bam_PASS/FAIL,tumour.bam_support,tumour.bam_spanning_1,tumour.bam_spanning_2,sim.srt.bam_PASS/FAIL,sim.srt.bam_support,sim.srt.bam_spanning_1,sim.srt.bam_spanning_2,
+chr1:2743022|-chr1:2743848,PASS,4,28,28,PASS,5,40,40
+chr1:2770881|-chr1:2771845,PASS,4,28,27,PASS,4,36,35
+chr1:2992336|-chr1:2993002,PASS,1,40,40,PASS,3,52,52
+chr1:7027582|-chr1:7029892,PASS,3,43,41,PASS,1,27,27
+chr1:10204957|-chr1:10206356,PASS,1,44,44,PASS,7,41,40
+chr1:126730078|-chr1:126730143,,0,0,0,PASS,3,35,35
-chr1:142241660|+chr1:154239365,PASS,63,58,30,,0,0,0
+chr10:43965369|-chr10:43966222,PASS,2,42,43,PASS,3,34,34
+chr10:101660372|-chr10:101661233,,0,0,0,PASS,5,48,49
+chr10:129383294|-chr10:129383341,,0,0,0,PASS,3,47,47
+chr10:132111682|-chr10:132113608,,0,0,0,PASS,4,34,34
+chr11:1505272|-chr11:1505315,PASS,3,38,38,PASS,1,29,29
+chr11:2899216|-chr11:2900072,,0,0,0,PASS,4,46,44
+chr11:2903173|-chr11:2904029,PASS,1,52,51,PASS,3,47,48
+chr11:2908829|-chr11:2909789,,0,0,0,PASS,5,43,45
+chr11:54862920|-chr11:54862972,PASS,4,40,40,PASS,5,44,44
-chr11:69658031|+chr14:99749998,PASS,24,52,31,,0,0,0
+chr11:70158029|-chr14:100249999,PASS,11,45,29,,0,0,0
+chr12:57141979|-chr12:57142805,,0,0,0,PASS,3,40,38
+chr13:108071401|-chr13:108071455,,0,0,0,PASS,3,36,37
+chr13:113060965|-chr13:113061981,PASS,1,23,20,PASS,3,45,43
+chr14:3250977|-chr14:3251037,,0,0,0,PASS,3,37,37
-chr14:6094308|+chr14:6094354,,0,0,0,PASS,6,23,23
+chr14:8024970|-chr14:8025054,,0,0,0,PASS,3,33,33
+chr14:9313025|-chr14:9313077,PASS,3,37,37,,0,0,0
+chr14:98369093|-chr14:98369828,PASS,3,40,40,,0,0,0
+chr15:14418401|-chr15:14418461,PASS,3,39,39,PASS,2,31,31
+chr15:39634725|-chr15:39635518,PASS,1,42,43,PASS,3,40,40
+chr15:39637488|-chr15:39638377,PASS,2,41,40,PASS,4,41,39
+chr16:956097|-chr16:956816,PASS,1,41,40,PASS,3,42,42
+chr16:973048|-chr16:973646,PASS,2,36,38,PASS,3,40,38
+chr16:2118820|-chr16:2119690,PASS,3,41,42,PASS,2,41,40
+chr16:2125037|-chr16:2127532,PASS,3,38,37,PASS,1,38,38
+chr16:38077179|-chr16:38077229,PASS,1,33,33,PASS,3,42,43
+chr16:94123675|-chr16:94125650,PASS,4,38,38,PASS,3,39,37
+chr16:94989815|-chr16:94990440,PASS,3,44,46,,0,0,0
-chr17:10707908|+chr17:6400013,PASS,17,2,1,,0,0,0
+chr17:8414898|-chr17:8415644,,0,0,0,PASS,3,28,28
+chr17:20351151|-chr17:20351201,,0,0,0,PASS,3,37,37
+chr17:22364688|-chr17:22364735,FAIL_MAP_CONS,5,8,8,FAIL_MAP_CONS,8,37,37
+chr17:80473694|-chr17:80474628,,0,0,0,PASS,3,44,43
+chr17:81835642|-chr17:81837233,PASS,1,31,31,PASS,3,34,35
+chr17:83753596|-chr17:83754378,,0,0,0,PASS,3,37,37
+chr18:79717748|-chr18:79718671,PASS,1,40,41,PASS,4,33,34
+chr18:79745954|-chr18:79746618,,0,0,0,PASS,3,34,34
+chr19:1232085|-chr19:1232873,PASS,3,38,38,,0,0,0
+chr19:5972429|-chr19:5973177,PASS,3,34,34,PASS,2,34,34
+chr19:24443513|-chr19:24443554,PASS,2,44,44,PASS,3,29,29
+chr2:132679064|-chr2:132679119,,0,0,0,PASS,3,45,45
+chr2:220008549|-chr2:220009445,,0,0,0,PASS,3,45,44
+chr2:241740052|-chr2:241740945,PASS,1,39,38,PASS,3,26,24
+chr20:64111341|-chr20:64111398,PASS,3,48,48,PASS,1,39,39
+chr20:65508558|-chr20:65508602,,0,0,0,PASS,4,47,47
+chr21:1067210|-chr21:1067264,PASS,1,25,25,PASS,3,45,45
+chr21:10120771|-chr21:10120821,,0,0,0,FAIL_MAP_CONS,3,30,30
+chr21:10216455|-chr21:10216535,PASS,4,41,41,PASS,2,36,36
+chr21:41612145|-chr21:41612197,PASS,4,25,25,PASS,2,37,37
+chr21:42662294|-chr21:42663231,PASS,3,42,42,,0,0,0
+chr21:43344971|-chr21:43346192,PASS,1,37,37,PASS,4,44,45
+chr21:43803000|-chr21:43804219,PASS,5,29,30,PASS,2,31,31
+chr21:44520488|-chr21:44521458,PASS,3,48,47,,0,0,0
+chr22:20604444|-chr22:20605900,PASS,5,42,43,,0,0,0
+chr22:20631268|-chr22:20633317,PASS,5,41,40,PASS,2,34,33
+chr22:49074654|-chr22:49078509,PASS,3,39,37,PASS,1,31,32
+chr22:50095633|-chr22:50096525,PASS,3,37,39,PASS,1,31,33
+chr3:50364669|-chr3:50365782,PASS,3,30,29,PASS,2,48,49
+chr3:90620463|-chr3:90620520,,0,0,0,PASS,6,29,29
+chr4:3489610|-chr4:3491335,PASS,1,41,42,PASS,3,34,32
+chr4:10206031|-chr4:10206836,PASS,5,44,45,PASS,3,46,44
+chr5:974733|-chr5:977698,PASS,6,34,32,PASS,9,32,35
+chr5:1128891|-chr5:1129640,PASS,2,37,35,PASS,4,39,40
+chr5:1760939|-chr5:1762908,PASS,3,42,43,PASS,4,35,33
+chr5:46213473|-chr5:46213528,,0,0,0,PASS,4,37,38
+chr5:46545115|-chr5:46545162,PASS,4,48,48,PASS,4,30,30
+chr5:50492236|-chr5:50492298,FAIL_MAP_CONS,3,40,40,FAIL_MAP_CONS,6,36,36
+chr6:62485129|-chr6:62485175,PASS,4,52,52,PASS,1,45,45
-chr6:148499998|-chr6:152100000,PASS,13,38,37,,0,0,0
+chr6:148499999|+chr6:152100001,PASS,24,33,30,,0,0,0
+chr6:171471722|-chr6:171473294,PASS,1,42,41,PASS,3,40,42
+chr7:60134461|-chr7:60134514,PASS,3,42,42,PASS,2,25,25
+chr7:158844755|-chr7:158846103,PASS,7,38,38,PASS,3,39,39
+chr7:159238944|-chr7:159240772,PASS,4,34,31,,0,0,0
+chr7:159277645|-chr7:159278529,PASS,3,37,36,PASS,1,38,38
+chr7:159282815|-chr7:159283813,PASS,3,35,35,PASS,1,35,37
+chr8:1611415|-chr8:1613170,PASS,6,30,30,PASS,5,46,48
+chr8:55635582|-chr8:55636321,PASS,3,36,36,,0,0,0
+chr8:122048752|-chr8:122048802,PASS,3,42,42,PASS,1,39,39
+chr8:143643461|-chr8:143646223,PASS,3,32,35,PASS,3,45,45
+chr8:145614977|-chr8:145615791,PASS,4,40,38,PASS,4,51,50
+chr9:398697|-chr9:398757,PASS,3,35,35,PASS,1,25,25
+chr9:21949996|-chr9:21999999,PASS,14,26,19,,0,0,0
+chr9:86328565|-chr9:86328628,PASS,3,43,43,,0,0,0
+chr9:146583639|-chr9:146584893,PASS,4,25,28,PASS,5,36,33
+chr9:146980345|-chr9:146982471,PASS,5,27,26,PASS,4,29,29
+chr9:149440412|-chr9:149441391,,0,0,0,PASS,3,44,45
+chr9:149476972|-chr9:149477796,,0,0,0,PASS,3,48,47
+chrY:57479288|-chrY:57479374,,0,0,0,PASS,8,38,38
chr16:91326781|INS:51,,0,0,0,PASS,3,52,52
chr19:9060653|INS:54,PASS,2,49,49,,0,0,0
chr3:135584032|INS:53,,0,0,0,PASS,3,41,41
chr5:174062032|INS:56,PASS,3,33,33,,0,0,0
chr6:71301718|INS:65,,0,0,0,PASS,3,41,41
chr7:91830093|INS:54,,0,0,0,PASS,2,30,30
chrY:56158189|INS:2404,FAIL_MAP_CONS,2,37,37,,0,0,0
